Action,Email,FirstName,LastName,Title,Department,Manager,OfficePhone,MobilePhone,City,State,ZIP,CountryCode
NEW,mary@office365powershell.ca,Mary,Wright,Event Planner,Marketing,vanessa@office365powershell.ca,(123)456-7908,(514)123-4567,Honolulu,Hawaii,96816,US
NEW,sam@office365powershell.ca,Sam,Dion,Line Worker,Manufacturing,vlad-admin@office365powershell.ca,(123)094-0234,(450)405-1234,Chicago,Illinois,60007,US
UPDATE,Jeff@office365powershell.ca,,,Sales Manager,Sales, john@office365powershell.ca,,,,,,
UPDATE,vanessa@office365powershell.ca,,,Marketing Manager,Marketing,Jonathan@office365powershell.ca,,,Montreal,Quebec,H0H 0H0,CA
